game_idx,game_length,positions_analyzed,avg_illegal_prob,max_illegal_prob,failure_count,failure_rate
0,60,56,0.004384158942837631,0.06628605031049944,1,0.017857142857142856
1,60,56,0.00492726158818809,0.07376594396315402,2,0.03571428571428571
2,60,56,0.004323008666346803,0.06427725647919334,1,0.017857142857142856
3,60,56,0.005712011957506292,0.06036257257763076,3,0.05357142857142857
4,60,56,0.0029700600700115535,0.03950786756688651,0,0.0
5,60,56,0.0010690050322395568,0.00509478445479683,0,0.0
6,60,56,0.004032437180053728,0.03068043189067085,0,0.0
7,60,56,0.017325995281509157,0.22199051883329454,6,0.10714285714285714
8,60,56,0.009129968928305771,0.21950433943790362,3,0.05357142857142857
9,60,56,0.0030123484669363843,0.02226464224064121,0,0.0
10,60,56,0.007499671563085566,0.10264135642865288,2,0.03571428571428571
11,60,56,0.008542215873252688,0.0701542041101812,4,0.07142857142857142
12,60,56,0.008094105366717995,0.12331616514160323,3,0.05357142857142857
13,60,56,0.0039422859524438645,0.04211340212757564,0,0.0
14,60,56,0.00246982295867122,0.030522744212658545,0,0.0
15,60,56,0.0014246836840595208,0.02312163990148461,0,0.0
16,60,56,0.008990148368073115,0.16146372516418933,3,0.05357142857142857
17,60,56,0.003716211905510987,0.06800981201879602,1,0.017857142857142856
18,60,56,0.0024739234953304184,0.01984031911636474,0,0.0
19,60,56,0.00955781937691475,0.1554346696298062,3,0.05357142857142857
20,60,56,0.0030066746987524873,0.03786563739506055,0,0.0
21,58,54,0.013056759224498626,0.19037696995744308,4,0.07407407407407407
22,60,56,0.0011384358431309556,0.012543025929094353,0,0.0
23,60,56,0.003340735285569806,0.030957242220274628,0,0.0
24,60,56,0.006980627994736332,0.07985481111070529,2,0.03571428571428571
25,60,56,0.006883821808496533,0.1503255709248612,2,0.03571428571428571
26,60,56,0.006371280347640735,0.09906673022097341,1,0.017857142857142856
27,60,56,0.003956601791083375,0.054001598354485925,1,0.017857142857142856
28,60,56,0.009967256838029266,0.16796844137997172,3,0.05357142857142857
29,60,56,0.0054859628668267576,0.09048925553540835,1,0.017857142857142856
30,60,56,0.006598562508858959,0.14331138920924258,2,0.03571428571428571
31,60,56,0.0038954979092740575,0.03251598056003753,0,0.0
32,58,54,0.011762597803728073,0.12888777464772377,4,0.07407407407407407
33,60,56,0.0067454699294400575,0.09770006792211522,2,0.03571428571428571
34,60,56,0.004639060636711672,0.13851697747808403,1,0.017857142857142856
35,60,56,0.003264846012069491,0.04052974850676172,0,0.0
36,60,56,0.003222133700547724,0.0347905715586785,0,0.0
37,60,56,0.011767035230926256,0.5995983296526085,1,0.017857142857142856
38,58,54,0.006187431487300023,0.15699075469946022,1,0.018518518518518517
39,60,56,0.008190098260568478,0.16812668458606067,1,0.017857142857142856
40,60,56,0.0019379578316432845,0.05278708918150785,1,0.017857142857142856
41,60,56,0.0031204488813650227,0.048205961082930446,0,0.0
42,60,56,0.0024771822892069063,0.029309280337513597,0,0.0
43,60,56,0.0010356700533781485,0.007596264182517009,0,0.0
44,60,56,0.008907275089584278,0.16864937546850486,3,0.05357142857142857
45,60,56,0.011112480954906342,0.3113766154685881,2,0.03571428571428571
46,60,56,0.0076775929147891294,0.1005908508862407,3,0.05357142857142857
47,60,56,0.0033599607365153534,0.05355853960488327,1,0.017857142857142856
48,60,56,0.011368047767142089,0.28660402345957253,2,0.03571428571428571
49,60,56,0.004162173247122578,0.11180862982124906,1,0.017857142857142856
50,60,56,0.01183105661586364,0.0937342250415174,5,0.08928571428571429
51,60,56,0.00409306698239969,0.04019637221360093,0,0.0
52,60,56,0.009004816676084448,0.19844312373958362,3,0.05357142857142857
53,58,54,0.004801890215631832,0.059164885700688785,1,0.018518518518518517
54,60,56,0.0030443195416310367,0.04348681230332074,0,0.0
55,60,56,0.007619721824718095,0.09955150342881579,3,0.05357142857142857
56,60,56,0.003520171746424315,0.06311227974667193,1,0.017857142857142856
57,60,56,0.0028126649502504047,0.07800069981141597,1,0.017857142857142856
58,60,56,0.008415810089633777,0.11503857415495056,3,0.05357142857142857
59,60,56,0.0015140559518933064,0.017632612499511955,0,0.0
60,58,54,0.009147890769358843,0.11751834929484914,3,0.05555555555555555
61,60,56,0.0033215033159304202,0.08308933502993897,1,0.017857142857142856
62,60,56,0.008363762073752976,0.2386146433286776,3,0.05357142857142857
63,58,54,0.007394231940151845,0.10177531235135524,2,0.037037037037037035
64,60,56,0.004536710609427947,0.08681892303895555,1,0.017857142857142856
65,60,56,0.0038899660954323594,0.022363994683467836,0,0.0
66,60,56,0.004005263682193554,0.054886987875289575,1,0.017857142857142856
67,60,56,0.015808703523013494,0.23359058711932607,5,0.08928571428571429
68,50,46,0.01948338945221212,0.1757117209895061,5,0.10869565217391304
69,60,56,0.013301790866782239,0.20384699679862658,5,0.08928571428571429
70,54,50,0.01202306750451949,0.16349130616540772,3,0.06
71,44,40,0.01290993043605099,0.15381741384957673,2,0.05
72,60,56,0.0064129495931616,0.07484174961832099,1,0.017857142857142856
73,60,56,0.010905350121197777,0.09675563176591939,6,0.10714285714285714
74,60,56,0.0029588965764389486,0.04908342439082247,0,0.0
75,60,56,0.008303660329128418,0.07901183869904685,3,0.05357142857142857
76,60,56,0.005326534603428941,0.10209952411374154,2,0.03571428571428571
77,60,56,0.005012902708195543,0.04919525012309291,0,0.0
78,60,56,0.002812538187120111,0.01747817719312078,0,0.0
79,60,56,0.005247317807128811,0.058150879045691044,1,0.017857142857142856
80,60,56,0.011354694582200578,0.26809206303202515,3,0.05357142857142857
81,60,56,0.009470865430168939,0.1845402158837014,3,0.05357142857142857
82,60,56,0.009684924366019,0.16589806023332976,1,0.017857142857142856
83,58,54,0.00965519445131473,0.11833358339583797,3,0.05555555555555555
84,60,56,0.004703590731450022,0.062042677213936415,1,0.017857142857142856
85,58,54,0.007721924617504387,0.1329651342232488,1,0.018518518518518517
86,60,56,0.003143546550152581,0.05014902881063776,1,0.017857142857142856
87,58,54,0.006851181292875339,0.15188490773668248,2,0.037037037037037035
88,60,56,0.012293506786289198,0.23258916396637822,4,0.07142857142857142
89,60,56,0.012680458435475672,0.35755769854749664,3,0.05357142857142857
90,60,56,0.003313396576536493,0.07709539160589723,1,0.017857142857142856
91,58,54,0.009401782681694736,0.08490107675409474,3,0.05555555555555555
92,60,56,0.004517120729703985,0.10500070137639539,1,0.017857142857142856
93,60,56,0.009308003558480635,0.12160190573177942,2,0.03571428571428571
94,60,56,0.0037945826851892048,0.1122643397669787,1,0.017857142857142856
95,60,56,0.008379482205783714,0.11011179617244192,3,0.05357142857142857
96,60,56,0.004987726628874562,0.05610799088206231,1,0.017857142857142856
97,60,56,0.0117089387451763,0.19192095760471028,4,0.07142857142857142
98,60,56,0.008237355730770092,0.08477314310630468,4,0.07142857142857142
99,60,56,0.0035829365286711157,0.03926132734556431,0,0.0
100,60,56,0.0026377001724024627,0.027582376129178184,0,0.0
101,60,56,0.0024553454994333443,0.03252517871974914,0,0.0
102,60,56,0.0013645339603694036,0.02498030625497987,0,0.0
103,60,56,0.031943149751367896,0.8016025105625317,5,0.08928571428571429
104,60,56,0.007693234031481033,0.23522039957807492,1,0.017857142857142856
105,60,56,0.005377654518739482,0.05138349952058925,1,0.017857142857142856
106,60,56,0.003538873459342081,0.03930340409841827,0,0.0
107,60,56,0.005979348440822337,0.0657997341882724,1,0.017857142857142856
108,60,56,0.005969190057133347,0.10559864047116937,2,0.03571428571428571
109,60,56,0.006731677215457953,0.05015882423231515,1,0.017857142857142856
110,60,56,0.008988624900279508,0.32585731665840134,2,0.03571428571428571
111,58,54,0.014603020606307157,0.22942834759145245,5,0.09259259259259259
112,60,56,0.0022762845128104195,0.02591527237561823,0,0.0
113,60,56,0.012838448676256308,0.21020584885246052,4,0.07142857142857142
114,60,56,0.006323688043028518,0.07032351948812554,3,0.05357142857142857
115,60,56,0.0065049122349439105,0.08660763825977194,2,0.03571428571428571
116,60,56,0.0015546429343131448,0.021943858877035136,0,0.0
117,60,56,0.002239857514679963,0.03893775672747962,0,0.0
118,60,56,0.00487090142979143,0.12951480854491781,2,0.03571428571428571
119,60,56,0.003937466702653853,0.0884979967071263,1,0.017857142857142856
120,60,56,0.0015976184167212693,0.013704688549147146,0,0.0
121,60,56,0.005425412588448486,0.08464084103876372,1,0.017857142857142856
122,60,56,0.008781401379199947,0.12591605981449971,2,0.03571428571428571
123,60,56,0.005747009348442191,0.0684726485484262,1,0.017857142857142856
124,60,56,0.008440585575563252,0.20159497843382373,2,0.03571428571428571
125,60,56,0.0038916839158466723,0.029188325650829,0,0.0
126,60,56,0.0037132710931182425,0.030030244089541913,0,0.0
127,60,56,0.008097989516985779,0.1548800558728795,2,0.03571428571428571
128,60,56,0.003004068461419682,0.03624698501322854,0,0.0
129,60,56,0.007139267797660929,0.07179833392509735,2,0.03571428571428571
130,60,56,0.004460072189801994,0.15562809467733268,1,0.017857142857142856
131,60,56,0.0024916394970243205,0.04495215764501381,0,0.0
132,60,56,0.01503961152958884,0.2851638744858276,5,0.08928571428571429
133,60,56,0.005405809871946036,0.06084665702273254,1,0.017857142857142856
134,60,56,0.01025948491944941,0.306178924227871,1,0.017857142857142856
135,56,52,0.011126373357702184,0.10176538731457964,3,0.057692307692307696
136,58,54,0.009455186850165283,0.1502334881004721,3,0.05555555555555555
137,60,56,0.012032127875087876,0.4158685978787348,2,0.03571428571428571
138,60,56,0.011561796869300771,0.2764154526552609,3,0.05357142857142857
139,60,56,0.008323820922333079,0.12205825270786441,3,0.05357142857142857
140,60,56,0.0037351430005866234,0.09338198656427377,1,0.017857142857142856
141,60,56,0.005853091009000298,0.07002950714541356,2,0.03571428571428571
142,58,54,0.017282989750687254,0.31232499024107185,5,0.09259259259259259
143,60,56,0.004174167366079839,0.04385493247923968,0,0.0
144,60,56,0.0057277417933078245,0.057959760882847024,2,0.03571428571428571
145,60,56,0.006711704102881439,0.08841438148657438,1,0.017857142857142856
146,60,56,0.011546864337119347,0.4211873249053869,2,0.03571428571428571
147,60,56,0.002896887192986159,0.042038850089692076,0,0.0
148,60,56,0.009891916938102782,0.15198352404738458,4,0.07142857142857142
149,60,56,0.0021914084219893824,0.031860180402510804,0,0.0
150,60,56,0.0035070914301038544,0.06417393296963737,1,0.017857142857142856
151,40,36,0.008432092934205286,0.06687586482776348,2,0.05555555555555555
152,60,56,0.00882752478342735,0.10851533046032456,3,0.05357142857142857
153,60,56,0.0037901800721648533,0.0430459049831772,0,0.0
154,60,56,0.004696516268025154,0.05169163104707673,1,0.017857142857142856
155,60,56,0.005431807121764492,0.04870217502470492,0,0.0
156,60,56,0.005152246752248929,0.07302308020993106,1,0.017857142857142856
157,60,56,0.002983823639844427,0.05390562220682412,1,0.017857142857142856
158,60,56,0.0024619902456863223,0.015864037574939704,0,0.0
159,60,56,0.005383042717300504,0.06866967945750346,2,0.03571428571428571
160,60,56,0.005981812455545724,0.09494113920136056,1,0.017857142857142856
161,60,56,0.012866536834128051,0.20694825614033988,3,0.05357142857142857
162,54,50,0.007044191479277749,0.11171395117904016,1,0.02
163,60,56,0.005270483800557354,0.07935574204346826,1,0.017857142857142856
164,60,56,0.007583870297272887,0.13925692314237104,2,0.03571428571428571
165,60,56,0.008015932094477558,0.0789847040529243,3,0.05357142857142857
166,60,56,0.004972188827953682,0.05353603601406034,1,0.017857142857142856
167,60,56,0.008908353490196447,0.2183879415642489,2,0.03571428571428571
168,60,56,0.00241732294492104,0.03459993934851975,0,0.0
169,60,56,0.011388271312376515,0.16396326001803188,3,0.05357142857142857
170,60,56,0.007880902039614212,0.23988039002795314,1,0.017857142857142856
171,60,56,0.009810973121255558,0.15330265244450292,3,0.05357142857142857
172,60,56,0.0036750461741237436,0.07537674489943667,1,0.017857142857142856
173,60,56,0.002876023956247901,0.04660549468826592,0,0.0
174,60,56,0.005412168254518125,0.18549543506790656,1,0.017857142857142856
175,58,54,0.010390508241580838,0.1549688079189417,4,0.07407407407407407
176,60,56,0.005131208611841361,0.15519233871927313,1,0.017857142857142856
177,60,56,0.003699718324508932,0.02473322126498274,0,0.0
178,60,56,0.003751784251366904,0.05784224673977643,1,0.017857142857142856
179,60,56,0.0043279615609076675,0.061684756558697984,1,0.017857142857142856
180,60,56,0.006463918267912677,0.0425168002092073,0,0.0
181,60,56,0.0016605098227678813,0.01971049101212458,0,0.0
182,60,56,0.014685791519509316,0.23095143905389293,4,0.07142857142857142
183,60,56,0.005331229431422059,0.09765042289904734,1,0.017857142857142856
184,60,56,0.005646317184445389,0.08308748098713392,1,0.017857142857142856
185,60,56,0.006895186810701755,0.18453254268886926,2,0.03571428571428571
186,60,56,0.005804778911022967,0.08072539819899309,1,0.017857142857142856
187,60,56,0.004358757089786594,0.03625658064484383,0,0.0
188,60,56,0.0022357713463396606,0.0324302281601851,0,0.0
189,60,56,0.007079767958278463,0.1304002794524874,3,0.05357142857142857
190,60,56,0.00509507003305326,0.04546962581570914,0,0.0
191,60,56,0.006416023924986031,0.09616119467020466,2,0.03571428571428571
192,60,56,0.007752354786426921,0.07259835859557315,1,0.017857142857142856
193,60,56,0.001710213176317324,0.011775586888514766,0,0.0
194,60,56,0.00410810628640255,0.04994589705022179,0,0.0
195,60,56,0.007864092444121147,0.20162331749561357,2,0.03571428571428571
196,60,56,0.0036672665890468215,0.03611102275294405,0,0.0
197,60,56,0.002697814046200908,0.03316908577224792,0,0.0
198,58,54,0.004575908405650341,0.03542040884060533,0,0.0
199,60,56,0.005034866863116002,0.07063968403220705,2,0.03571428571428571
200,60,56,0.005920866905512319,0.049331833438520024,0,0.0
201,60,56,0.0025203141261777233,0.05390112310922364,1,0.017857142857142856
202,60,56,0.004447964275712807,0.11623652458781332,2,0.03571428571428571
203,60,56,0.017323297532429092,0.5623061224178076,4,0.07142857142857142
204,60,56,0.0042226847359023555,0.07124669866553422,1,0.017857142857142856
205,60,56,0.0026183072225090453,0.020670831845748076,0,0.0
206,60,56,0.00970401669493383,0.21442814618013034,2,0.03571428571428571
207,60,56,0.004541328216421512,0.07671145720840139,2,0.03571428571428571
208,60,56,0.00584331605951013,0.06821015680050253,1,0.017857142857142856
209,60,56,0.005173632317276701,0.07413518589535442,1,0.017857142857142856
210,60,56,0.008258172807065072,0.21324874536425398,2,0.03571428571428571
211,60,56,0.0019243705225528997,0.031656628943022846,0,0.0
212,60,56,0.005853306292854418,0.14444226639850197,1,0.017857142857142856
213,60,56,0.0038125476175903915,0.04421627608160877,0,0.0
214,60,56,0.001189597282086061,0.015168514548478562,0,0.0
215,60,56,0.010952392769518466,0.21533778757150826,2,0.03571428571428571
216,60,56,0.004971585732864761,0.05482598231701141,1,0.017857142857142856
217,58,54,0.012648259333462746,0.1771729312415585,2,0.037037037037037035
218,60,56,0.0030904099032915792,0.03322206867871681,0,0.0
219,60,56,0.003236199856551787,0.0541487155994359,1,0.017857142857142856
220,60,56,0.009840091495160882,0.12257806501460802,4,0.07142857142857142
221,60,56,0.004014641933424162,0.08572750628635287,1,0.017857142857142856
222,60,56,0.005227575472663069,0.07406614535901,1,0.017857142857142856
223,60,56,0.003756154075344845,0.06779115572642722,1,0.017857142857142856
224,60,56,0.003983535803211009,0.054689875669566845,1,0.017857142857142856
225,60,56,0.0038205162378292614,0.05225070377975093,1,0.017857142857142856
226,60,56,0.004694417384485357,0.06997058494987937,2,0.03571428571428571
227,60,56,0.002170936265461384,0.010532107035196114,0,0.0
228,60,56,0.004409890849267536,0.04408472642309286,0,0.0
229,58,54,0.004805956238648855,0.07111820581166906,1,0.018518518518518517
230,60,56,0.00453088122994095,0.07007376462307412,1,0.017857142857142856
231,60,56,0.008766549130782184,0.14751283372439683,3,0.05357142857142857
232,60,56,0.00685493648451854,0.08919622150053232,2,0.03571428571428571
233,60,56,0.007314233820917242,0.21707876852364127,2,0.03571428571428571
234,60,56,0.005418557665427101,0.07541821100112886,1,0.017857142857142856
235,60,56,0.008180849100200567,0.11762866418826068,3,0.05357142857142857
236,60,56,0.007968411417933512,0.06596974767437422,4,0.07142857142857142
237,60,56,0.005949422844707582,0.16862261337596418,1,0.017857142857142856
238,60,56,0.006143380604365908,0.04472957727114313,0,0.0
239,60,56,0.004615488292847678,0.06507466659119851,2,0.03571428571428571
240,60,56,0.0034300520790115302,0.07126689536915996,1,0.017857142857142856
241,60,56,0.009197270329301743,0.17306318540795684,3,0.05357142857142857
242,60,56,0.005790948991474131,0.04995005698407195,0,0.0
243,60,56,0.006625661987360635,0.10942804862012888,2,0.03571428571428571
244,60,56,0.005002976675973857,0.055762679981267944,1,0.017857142857142856
245,60,56,0.003991721396505961,0.061223697341934114,1,0.017857142857142856
246,60,56,0.004623269539498355,0.07871288000299585,2,0.03571428571428571
247,60,56,0.013606104392189731,0.5594684357151586,2,0.03571428571428571
248,60,56,0.002324398204375352,0.031388859701349456,0,0.0
249,60,56,0.0024012760591770772,0.04764218535840298,0,0.0
250,60,56,0.0057470196284909875,0.08044635017535817,2,0.03571428571428571
251,60,56,0.010399946386870172,0.14958895681060777,4,0.07142857142857142
252,60,56,0.003007140899502456,0.04210169924815718,0,0.0
253,60,56,0.005673874775226797,0.040484834932327136,0,0.0
254,60,56,0.00400923732192005,0.044437106170039466,0,0.0
255,60,56,0.00607034949537448,0.10493828145899542,2,0.03571428571428571
256,60,56,0.0030281574990866414,0.032134653136293545,0,0.0
257,60,56,0.006729868085733156,0.07079876960910794,1,0.017857142857142856
258,60,56,0.0076478383024525115,0.145652419694283,2,0.03571428571428571
259,60,56,0.007809789436928041,0.11358696104842622,2,0.03571428571428571
260,60,56,0.005920008163623416,0.0418497680101903,0,0.0
261,60,56,0.004865533803276536,0.11406189865977895,1,0.017857142857142856
262,60,56,0.0074944100228533875,0.29507251131729406,1,0.017857142857142856
263,60,56,0.0021009641952818917,0.03353274184173705,0,0.0
264,60,56,0.0120935127266963,0.1839885183229407,4,0.07142857142857142
265,60,56,0.003100661812222767,0.07146761221695605,1,0.017857142857142856
266,60,56,0.003899673096299219,0.05207605950556789,1,0.017857142857142856
267,60,56,0.007344239111011641,0.11124747603765252,2,0.03571428571428571
268,60,56,0.003619701392657324,0.042095860117508835,0,0.0
269,60,56,0.0058248039841266325,0.1447566408124144,1,0.017857142857142856
270,60,56,0.005913664518227226,0.10110420066388343,2,0.03571428571428571
271,60,56,0.002097607902303939,0.0358894390218345,0,0.0
272,60,56,0.004443681556964094,0.09786459663893464,1,0.017857142857142856
273,60,56,0.012627124750091381,0.43889265491436624,3,0.05357142857142857
274,60,56,0.0015193152367815846,0.014271726527250473,0,0.0
275,60,56,0.0052408402655066385,0.09148642759679743,2,0.03571428571428571
276,60,56,0.006260585112034984,0.09875472348979167,3,0.05357142857142857
277,60,56,0.0040567374294835,0.05890183543313743,1,0.017857142857142856
278,60,56,0.0012389235757096057,0.02543827655178445,0,0.0
279,60,56,0.005462997897985615,0.1429168432530934,2,0.03571428571428571
280,60,56,0.0019162494265407871,0.020019749766710504,0,0.0
281,60,56,0.00204898581082735,0.032202800980865476,0,0.0
282,60,56,0.005186493053183477,0.16502652146292623,2,0.03571428571428571
283,60,56,0.007799871331814222,0.0956159632993498,3,0.05357142857142857
284,60,56,0.0028620886221349946,0.07404276918014047,1,0.017857142857142856
285,60,56,0.007284410911984529,0.16498378617768836,2,0.03571428571428571
286,60,56,0.0014951172986380494,0.013227650008328344,0,0.0
287,58,54,0.023264526268736554,0.9252368075602125,3,0.05555555555555555
288,60,56,0.0015512387777096902,0.010464777092543273,0,0.0
289,60,56,0.004958259203185439,0.046137700126329895,0,0.0
290,60,56,0.004459436480327631,0.0895391881001071,1,0.017857142857142856
291,60,56,0.004135432640788726,0.06192219241404384,1,0.017857142857142856
292,60,56,0.021283365156136453,0.3288491350813709,5,0.08928571428571429
293,60,56,0.004512204699494165,0.11085268615460919,2,0.03571428571428571
294,60,56,0.0007791102818721864,0.012632103266449141,0,0.0
295,60,56,0.002898734200977531,0.07609116269722514,1,0.017857142857142856
296,60,56,0.0030964753690365904,0.04095875675061936,0,0.0
297,60,56,0.005411536321401448,0.14314300791439039,1,0.017857142857142856
298,60,56,0.0016363426554666081,0.024888564976212307,0,0.0
299,60,56,0.001720037112462687,0.043121959345465914,0,0.0
300,60,56,0.007460545450869203,0.126479949730192,2,0.03571428571428571
301,60,56,0.0023526742752735144,0.029274998748887955,0,0.0
302,60,56,0.003288072944693039,0.04849100985877606,0,0.0
303,60,56,0.003352351029239161,0.03363669492863153,0,0.0
304,60,56,0.006948898625170696,0.16881567290812202,1,0.017857142857142856
305,60,56,0.0017924092756094548,0.016176574300659535,0,0.0
306,60,56,0.0021891318111178543,0.036611842949888576,0,0.0
307,60,56,0.00299871567501069,0.03931816138765171,0,0.0
308,60,56,0.006911406469225503,0.07368203467304102,2,0.03571428571428571
309,60,56,0.0036524163204288964,0.04663905876401443,0,0.0
310,60,56,0.004398251822724372,0.06975269980039125,1,0.017857142857142856
311,60,56,0.004647879275502814,0.08107897191964739,1,0.017857142857142856
312,58,54,0.0049555658714882725,0.06622040699983123,2,0.037037037037037035
313,60,56,0.01212571845192086,0.14866257907213515,2,0.03571428571428571
314,18,14,0.01004339980135881,0.046809456197095756,0,0.0
315,60,56,0.001758394263540163,0.018663687763760706,0,0.0
316,60,56,0.0035092176558723077,0.08764012218748106,1,0.017857142857142856
317,60,56,0.004010393770760374,0.10609378778114081,1,0.017857142857142856
318,60,56,0.0021248521893305226,0.0180004732426645,0,0.0
319,60,56,0.0032951211967453234,0.033255426310098826,0,0.0
320,60,56,0.0052985071475597,0.06932150447610214,1,0.017857142857142856
321,60,56,0.021516409898582355,0.4063918895526256,4,0.07142857142857142
322,60,56,0.0020036111613180472,0.012458465503340399,0,0.0
323,60,56,0.003374932328335154,0.02239050826628589,0,0.0
324,60,56,0.005319738760383727,0.10312082984873133,2,0.03571428571428571
325,58,54,0.0062467075648159585,0.09673659582722181,1,0.018518518518518517
326,60,56,0.006344835665611337,0.07354486628666815,1,0.017857142857142856
327,60,56,0.006377735656207265,0.13733477636055702,2,0.03571428571428571
328,60,56,0.002384254244305622,0.021272382822454458,0,0.0
329,58,54,0.011397480907434188,0.1456794652193554,3,0.05555555555555555
330,58,54,0.006570715917613846,0.08078207363822454,3,0.05555555555555555
331,60,56,0.006181756657607666,0.15995257090636184,1,0.017857142857142856
332,60,56,0.005809322381470825,0.0585104141242061,2,0.03571428571428571
333,60,56,0.007322581887880636,0.07072778498791354,2,0.03571428571428571
334,60,56,0.013230732610204585,0.38111389319544325,2,0.03571428571428571
335,56,52,0.003344037875980186,0.017323382557901335,0,0.0
336,58,54,0.00840284162565464,0.13082878270106263,3,0.05555555555555555
337,60,56,0.008203729580889668,0.10144823233763484,3,0.05357142857142857
338,58,54,0.0055800629231899605,0.053814037038838275,1,0.018518518518518517
339,60,56,0.0035593672534849964,0.023575722422446172,0,0.0
340,60,56,0.0029092319563909542,0.03529941499782402,0,0.0
341,60,56,0.003493687193106443,0.039757937242915535,0,0.0
342,60,56,0.0036865840420400547,0.03588084197520943,0,0.0
343,60,56,0.0059106227694797325,0.11052816070126582,1,0.017857142857142856
344,60,56,0.0061921123808777,0.054054738060580476,1,0.017857142857142856
345,60,56,0.013776061594898973,0.25658241074689603,2,0.03571428571428571
346,60,56,0.004361103480764202,0.06474315637322327,1,0.017857142857142856
347,60,56,0.002376811897474248,0.021730329195741905,0,0.0
348,60,56,0.0041831249313464495,0.04696817954209795,0,0.0
349,60,56,0.004384973355843093,0.06432146688390361,1,0.017857142857142856
350,60,56,0.003202491633305728,0.053622534440277515,1,0.017857142857142856
351,60,56,0.018185079792125268,0.381248327905033,6,0.10714285714285714
352,58,54,0.016692131952393233,0.1330132408531655,6,0.1111111111111111
353,60,56,0.003410450182925916,0.04173598058506231,0,0.0
354,58,54,0.008456305857686338,0.23714790591954227,2,0.037037037037037035
355,60,56,0.009635158434825649,0.21849023324684458,3,0.05357142857142857
356,48,44,0.004832131596261447,0.0304954851819339,0,0.0
357,60,56,0.008855810355975475,0.14440164716892223,2,0.03571428571428571
358,60,56,0.0105249663202045,0.15486566310695618,3,0.05357142857142857
359,60,56,0.005623465705400753,0.0946488266038652,2,0.03571428571428571
360,60,56,0.0027115003295469695,0.033634268252915274,0,0.0
361,60,56,0.003909860076817276,0.045198187735425055,0,0.0
362,60,56,0.002607922727974991,0.04771225347898337,0,0.0
363,58,54,0.008805287522908191,0.23046348044853285,2,0.037037037037037035
364,60,56,0.007496320927832137,0.08151331846091871,3,0.05357142857142857
365,60,56,0.004899837547561689,0.10567848930351748,1,0.017857142857142856
366,60,56,0.004571148316849932,0.07923974625777319,1,0.017857142857142856
367,60,56,0.003215943812776206,0.046792346218595654,0,0.0
368,60,56,0.001763461080100116,0.017828129754385857,0,0.0
369,60,56,0.001411947591407473,0.017178118871199275,0,0.0
370,60,56,0.01229467758302212,0.2763010959512897,2,0.03571428571428571
371,60,56,0.003290786213030685,0.07817537370068973,1,0.017857142857142856
372,60,56,0.004066851313331516,0.05578268293446792,1,0.017857142857142856
373,60,56,0.0028879713176950157,0.05193474605962221,1,0.017857142857142856
374,60,56,0.0029968469863764845,0.040372156902994887,0,0.0
375,60,56,0.002991609466119003,0.0346273574822872,0,0.0
376,60,56,0.0023901974862099926,0.03136587828415442,0,0.0
377,60,56,0.0051842739120778,0.11305369296683399,1,0.017857142857142856
378,60,56,0.007085970860819155,0.19401868671183511,2,0.03571428571428571
379,60,56,0.0016061511011406942,0.02198722525253739,0,0.0
380,60,56,0.007935876890130682,0.16026964157032664,2,0.03571428571428571
381,60,56,0.007210782091682887,0.09585693232902996,2,0.03571428571428571
382,60,56,0.008464449742172931,0.0889040963189439,2,0.03571428571428571
383,60,56,0.002117465676733214,0.025552098275167225,0,0.0
384,60,56,0.00246542585898309,0.023846156695840476,0,0.0
385,60,56,0.006218959094022423,0.12468743126221424,2,0.03571428571428571
386,60,56,0.006590035844754562,0.09491614313405503,3,0.05357142857142857
387,60,56,0.002077845864834453,0.023676104506977165,0,0.0
388,60,56,0.0023463046950061364,0.0416034755439143,0,0.0
389,60,56,0.003711824955635789,0.03937951421642143,0,0.0
390,60,56,0.006716178001668274,0.07326132566605764,3,0.05357142857142857
391,60,56,0.00749975083302768,0.11329221113986065,2,0.03571428571428571
392,60,56,0.00204148133510185,0.015688065773572554,0,0.0
393,60,56,0.004967741117253788,0.14658071301993109,1,0.017857142857142856
394,60,56,0.007039992729616946,0.16845153047027034,1,0.017857142857142856
395,60,56,0.004573746232620698,0.0631677607896402,1,0.017857142857142856
396,60,56,0.0031058316614717874,0.03468587799989184,0,0.0
397,60,56,0.006535358477655565,0.12581806481569213,2,0.03571428571428571
398,60,56,0.0024011389220860596,0.03075145800483841,0,0.0
399,60,56,0.004318194265002754,0.036627654352525046,0,0.0
400,60,56,0.008110101036134512,0.18265003653569178,2,0.03571428571428571
401,60,56,0.006411220241429302,0.11628921912648411,2,0.03571428571428571
402,60,56,0.002901431994800902,0.04451055660716419,0,0.0
403,60,56,0.003707725295644853,0.04981433609483319,0,0.0
404,60,56,0.0033536254818479104,0.053676152234426885,1,0.017857142857142856
405,60,56,0.012764787492562265,0.21652071063352127,3,0.05357142857142857
406,60,56,0.007257751588110197,0.05871052390420314,1,0.017857142857142856
407,60,56,0.002555368299859664,0.03305066147820791,0,0.0
408,60,56,0.006227347199539455,0.07833876861271927,2,0.03571428571428571
409,60,56,0.0050217725805164265,0.11115849763572974,1,0.017857142857142856
410,60,56,0.004469216786713976,0.05578268293446792,2,0.03571428571428571
411,60,56,0.008353646754523329,0.16848386359599904,3,0.05357142857142857
412,60,56,0.002602079566464675,0.03132244410695537,0,0.0
413,60,56,0.0019821241748503734,0.016386903837368294,0,0.0
414,60,56,0.011270361628456738,0.3546090525018961,2,0.03571428571428571
415,60,56,0.0030423082385862264,0.030367136394752508,0,0.0
416,60,56,0.0018359413933134088,0.023606741549278745,0,0.0
417,60,56,0.0019892193488825626,0.03102832031140683,0,0.0
418,60,56,0.007903138855610274,0.11188228080475109,3,0.05357142857142857
419,60,56,0.0031924956903689765,0.0550747418667568,1,0.017857142857142856
420,60,56,0.003869022179916249,0.03240383153877062,0,0.0
421,58,54,0.0010792628515149019,0.007731792543570037,0,0.0
422,60,56,0.004927953079432959,0.07424743082479757,1,0.017857142857142856
423,60,56,0.0014356282391801893,0.013635369074585317,0,0.0
424,60,56,0.0039404948472588795,0.12010443280068386,1,0.017857142857142856
425,60,56,0.0041050979854846854,0.049616708619865335,0,0.0
426,60,56,0.004181422972952506,0.05265513292066232,1,0.017857142857142856
427,60,56,0.003345030712664039,0.04851857643736379,0,0.0
428,60,56,0.006440086046591252,0.09215014987457301,2,0.03571428571428571
429,60,56,0.0074311881853758215,0.22723699801838715,1,0.017857142857142856
430,60,56,0.0039021351384047986,0.07418044978301622,1,0.017857142857142856
431,60,56,0.014844030694157823,0.30905784787051166,3,0.05357142857142857
432,60,56,0.0027774212528260023,0.018979289816867806,0,0.0
433,60,56,0.00672949059211581,0.23503677190549155,1,0.017857142857142856
434,60,56,0.002594153435171307,0.04578626736338813,0,0.0
435,60,56,0.0036338734524300675,0.05419332851378001,1,0.017857142857142856
436,60,56,0.006383221027028768,0.12387446752238869,1,0.017857142857142856
437,60,56,0.004371609535058262,0.04396260979590072,0,0.0
438,58,54,0.005721833965864524,0.048504171627807846,0,0.0
439,60,56,0.0013252486530103676,0.01395680890227034,0,0.0
440,60,56,0.01349712631419035,0.36565085925902463,4,0.07142857142857142
441,60,56,0.0012068886190401563,0.014363921571208643,0,0.0
442,60,56,0.003966572841973375,0.07354353539742747,1,0.017857142857142856
443,60,56,0.0017139831107633348,0.023890373918230734,0,0.0
444,60,56,0.009238507676005573,0.23754099354606684,3,0.05357142857142857
445,60,56,0.003005106664924565,0.036983386025585985,0,0.0
446,60,56,0.009368188421082719,0.17898591278665008,2,0.03571428571428571
447,60,56,0.0038939083928176874,0.07721317277870143,1,0.017857142857142856
448,60,56,0.008463176401346736,0.09870564055611208,3,0.05357142857142857
449,60,56,0.00665166900955272,0.0738691039954078,3,0.05357142857142857
450,60,56,0.003498598215168088,0.06189489290619581,1,0.017857142857142856
451,60,56,0.005683764881636242,0.10784875296163593,1,0.017857142857142856
452,60,56,0.0027808585276331206,0.027573437017217373,0,0.0
453,60,56,0.0067204915171700085,0.11550893619622994,2,0.03571428571428571
454,60,56,0.001844024761132887,0.02463544847423016,0,0.0
455,60,56,0.006108168024078682,0.11138889642013261,2,0.03571428571428571
456,60,56,0.005659423419181396,0.041800340622387466,0,0.0
457,60,56,0.002771287823083535,0.021558311618541076,0,0.0
458,60,56,0.004931295724912739,0.05644577858128595,1,0.017857142857142856
459,60,56,0.003513503942715867,0.053825964708296654,1,0.017857142857142856
460,60,56,0.004580398401463209,0.1346966776635788,1,0.017857142857142856
461,60,56,0.004027941863644063,0.04308820544979758,0,0.0
462,60,56,0.005221829461157735,0.12131725184768465,2,0.03571428571428571
463,60,56,0.005047024517606735,0.05379298799164923,1,0.017857142857142856
464,60,56,0.008114275760446817,0.178995489067729,2,0.03571428571428571
465,60,56,0.0049986833619707835,0.08492983881279743,1,0.017857142857142856
466,60,56,0.0024633784435172563,0.023886553811428124,0,0.0
467,60,56,0.004444682031818856,0.060157853017951624,1,0.017857142857142856
468,60,56,0.007654113797808152,0.13008531106605475,2,0.03571428571428571
469,60,56,0.006691264299229366,0.07215538296942672,2,0.03571428571428571
470,60,56,0.002745727783373971,0.035313188158092146,0,0.0
471,60,56,0.0069251896062863805,0.10162468238657983,2,0.03571428571428571
472,58,54,0.011230615160776633,0.2624571516099881,3,0.05555555555555555
473,60,56,0.013570861770342174,0.49346694800604063,2,0.03571428571428571
474,60,56,0.004048939456869343,0.0930830459738432,1,0.017857142857142856
475,60,56,0.004524770188433008,0.06836352809471077,1,0.017857142857142856
476,60,56,0.002526599920262996,0.0756193737381798,1,0.017857142857142856
477,60,56,0.002945005145411898,0.06909653466482643,1,0.017857142857142856
478,60,56,0.011263147219596151,0.4777751051703798,2,0.03571428571428571
479,60,56,0.0031502671886505583,0.029610643409130475,0,0.0
480,60,56,0.00806225388528217,0.061771368959257264,1,0.017857142857142856
481,60,56,0.014887278335545531,0.37020804862725043,3,0.05357142857142857
482,60,56,0.004925443161376758,0.13846049721528883,1,0.017857142857142856
483,58,54,0.007109042603916604,0.113523798912943,2,0.037037037037037035
484,60,56,0.006013321233938258,0.1050227813224535,2,0.03571428571428571
485,60,56,0.001827181955605108,0.030523686359016013,0,0.0
486,60,56,0.003938904086875404,0.056358560042092255,1,0.017857142857142856
487,60,56,0.007049696167672983,0.07358762308513829,3,0.05357142857142857
488,60,56,0.006270703094805041,0.10812353411751449,3,0.05357142857142857
489,60,56,0.010948239259518605,0.2583474549055552,3,0.05357142857142857
490,60,56,0.015039066342016913,0.23512036970675604,5,0.08928571428571429
491,60,56,0.009491560392292311,0.15731337085578947,2,0.03571428571428571
492,60,56,0.005728258662457476,0.0404280812084478,0,0.0
493,48,44,0.003706478832911976,0.03443012113693982,0,0.0
494,60,56,0.02512866750714551,0.3868840833280432,6,0.10714285714285714
495,60,56,0.008408026156051891,0.1821939475082471,3,0.05357142857142857
496,60,56,0.0064266984825297,0.10023314131853311,2,0.03571428571428571
497,60,56,0.0014822994907862548,0.019773648288065715,0,0.0
498,60,56,0.004831130465467813,0.06950619199428479,1,0.017857142857142856
499,60,56,0.01330837234147647,0.23542553074788342,4,0.07142857142857142
500,60,56,0.0070965556971437855,0.0561130134911057,1,0.017857142857142856
501,60,56,0.0007503566140569933,0.005607440729047938,0,0.0
502,60,56,0.007906012547718624,0.1725786417486741,2,0.03571428571428571
503,60,56,0.0025029850971798884,0.02748702493407409,0,0.0
504,60,56,0.002812358879899948,0.040752041797576376,0,0.0
505,60,56,0.004626081813214079,0.12406861823447105,1,0.017857142857142856
506,60,56,0.004415538525592666,0.08779121810550539,1,0.017857142857142856
507,60,56,0.0015310674826279035,0.01567712139858594,0,0.0
508,60,56,0.004327865221497655,0.031211319236766715,0,0.0
509,60,56,0.0049424567176962145,0.048935674596553375,0,0.0
510,58,54,0.009088309090405531,0.13487846835522382,2,0.037037037037037035
511,60,56,0.004417125970600538,0.053515366654220055,1,0.017857142857142856
512,60,56,0.004161894471439182,0.05164866865998058,1,0.017857142857142856
513,60,56,0.006532476401767233,0.1518130558210623,1,0.017857142857142856
514,60,56,0.0024951712421491653,0.025639997134425885,0,0.0
515,60,56,0.004040948003222103,0.06026529281828906,1,0.017857142857142856
516,60,56,0.005827237126841703,0.05690674713560295,1,0.017857142857142856
517,60,56,0.002678625969454017,0.0355301849721137,0,0.0
518,60,56,0.0018141932937972372,0.024061314695497073,0,0.0
519,60,56,0.006310865111110134,0.20502371907934797,1,0.017857142857142856
520,60,56,0.0021964960114320363,0.021974654251410985,0,0.0
521,60,56,0.0034834235264111983,0.04020812438376901,0,0.0
522,60,56,0.0033185793566063355,0.022828329537527278,0,0.0
523,60,56,0.005152625807673846,0.05364299591930177,2,0.03571428571428571
524,60,56,0.0033978877621929976,0.019203707169757608,0,0.0
525,60,56,0.003393582833540932,0.10524480983986427,1,0.017857142857142856
526,60,56,0.0033280561091849534,0.04452749824245487,0,0.0
527,60,56,0.0022746786571826954,0.02036249848461031,0,0.0
528,60,56,0.0023710560600930046,0.049251620708464325,0,0.0
529,60,56,0.004374263320414734,0.05711319664783644,1,0.017857142857142856
530,60,56,0.00305170678681113,0.025693839774216208,0,0.0
531,60,56,0.0034243383163051638,0.06496012768252961,1,0.017857142857142856
532,60,56,0.006258105566815257,0.1675709214923336,2,0.03571428571428571
533,60,56,0.00582418896503599,0.0951213189749145,2,0.03571428571428571
534,58,54,0.006704808312929612,0.08317378014557113,1,0.018518518518518517
535,60,56,0.011917348542245146,0.17219860539745335,5,0.08928571428571429
536,60,56,0.0022751622448942085,0.018360040202706696,0,0.0
537,60,56,0.0016369282174508182,0.01773185245117927,0,0.0
538,60,56,0.0033231436400354025,0.0841638634442859,1,0.017857142857142856
539,60,56,0.0020779031992199585,0.04828420637113734,0,0.0
540,60,56,0.0020631736391308257,0.021611358531902564,0,0.0
541,60,56,0.0018074672131540776,0.027278718461986415,0,0.0
542,60,56,0.0020880924705820618,0.028273990036764486,0,0.0
543,60,56,0.0016235772930858622,0.020879392755494594,0,0.0
544,60,56,0.015219749165108331,0.6165871195452124,2,0.03571428571428571
545,60,56,0.0010396152054023733,0.0064832133481348125,0,0.0
546,60,56,0.003623062952673953,0.04838978771053446,0,0.0
547,60,56,0.005505798129187523,0.10266101347702297,1,0.017857142857142856
548,60,56,0.0054678457000097705,0.08960359947711893,2,0.03571428571428571
549,60,56,0.002976730288105672,0.028752178173545917,0,0.0
550,58,54,0.00253229646985284,0.033016907709347336,0,0.0
551,60,56,0.0030485535954419803,0.0385705904279805,0,0.0
552,60,56,0.0044984864742593595,0.07922761187233673,1,0.017857142857142856
553,60,56,0.006731976832001053,0.05736112710880769,1,0.017857142857142856
554,60,56,0.002227878193535981,0.034852793031277675,0,0.0
555,60,56,0.010673672902211983,0.24395179880748508,3,0.05357142857142857
556,60,56,0.00368282199697693,0.050454291506302214,1,0.017857142857142856
557,60,56,0.0036689462472029094,0.0888776013626693,1,0.017857142857142856
558,60,56,0.006866437609244254,0.14620037332486197,1,0.017857142857142856
559,60,56,0.0030544398527928415,0.0228274927742749,0,0.0
560,60,56,0.0027830528083994067,0.04961629365544306,0,0.0
561,60,56,0.003640377298592245,0.02651729305568651,0,0.0
562,60,56,0.0024487023439013884,0.03417920776778683,0,0.0
563,60,56,0.006123356453477988,0.0726648252499359,3,0.05357142857142857
564,60,56,0.004527772219668195,0.11616940859425297,1,0.017857142857142856
565,60,56,0.004361850679348571,0.05012498686553259,1,0.017857142857142856
566,60,56,0.005399663735483648,0.09496743541517139,2,0.03571428571428571
567,60,56,0.0047758487264176605,0.05605731082230582,1,0.017857142857142856
568,60,56,0.0031683111104671914,0.08298177778258067,1,0.017857142857142856
569,60,56,0.005175723895816035,0.0436810422425765,0,0.0
570,60,56,0.001378281354368535,0.010302917767334935,0,0.0
571,60,56,0.0019107295833873988,0.029372548087564166,0,0.0
572,60,56,0.006476567632795597,0.15744781273928316,1,0.017857142857142856
573,60,56,0.0027476966272677685,0.025664358980663403,0,0.0
574,60,56,0.010621583903227792,0.233057021837539,4,0.07142857142857142
575,58,54,0.006759793266313073,0.05415160930156092,2,0.037037037037037035
576,60,56,0.008152472843120965,0.22409048366347406,1,0.017857142857142856
577,60,56,0.00387296865217714,0.09465696502704753,1,0.017857142857142856
578,60,56,0.005463693351477707,0.10431830932137931,1,0.017857142857142856
579,60,56,0.0028390655250270748,0.06219152820962165,1,0.017857142857142856
580,60,56,0.0029809397823815234,0.036529243264170716,0,0.0
581,60,56,0.0054046954753542474,0.07196888918971693,2,0.03571428571428571
582,60,56,0.004600086471686372,0.07431051138047237,2,0.03571428571428571
583,60,56,0.003612796485497922,0.08758228495094049,1,0.017857142857142856
584,60,56,0.005239977762849653,0.06359897327411843,1,0.017857142857142856
585,60,56,0.009988686799324992,0.2717789573780307,3,0.05357142857142857
586,60,56,0.0071247729006734956,0.1677173021048115,2,0.03571428571428571
587,60,56,0.005874513728894096,0.17297508875886092,1,0.017857142857142856
588,60,56,0.004362127659170239,0.06158143504947538,1,0.017857142857142856
589,60,56,0.006887331493269327,0.16298133370996215,2,0.03571428571428571
590,60,56,0.0018308925129169903,0.018473128368069348,0,0.0
591,60,56,0.0024154178274975982,0.025157738604619617,0,0.0
592,60,56,0.004329292670737723,0.06542158606456268,1,0.017857142857142856
593,60,56,0.0012362442119861045,0.008244855893788523,0,0.0
594,60,56,0.0048996821313029276,0.05615557924196186,1,0.017857142857142856
595,60,56,0.006097623756942206,0.1466413385984161,2,0.03571428571428571
596,60,56,0.004865860245885113,0.11949970892213119,1,0.017857142857142856
597,60,56,0.0019107354514670747,0.01721472348961739,0,0.0
598,60,56,0.006962434069204865,0.23277749482430293,1,0.017857142857142856
599,60,56,0.0029026856804878595,0.04647592090082104,0,0.0
600,60,56,0.006681527323084099,0.16174570914166247,2,0.03571428571428571
601,60,56,0.001976325965234329,0.021552159917515367,0,0.0
602,60,56,0.004674498023801634,0.043756564634390156,0,0.0
603,60,56,0.005353744640861947,0.07574044488500745,1,0.017857142857142856
604,60,56,0.0063745770559290645,0.08569401853123565,3,0.05357142857142857
605,60,56,0.003367026691001847,0.03237661758488518,0,0.0
606,60,56,0.0037076605929872446,0.03416032126155266,0,0.0
607,60,56,0.001915731858412175,0.01910123478324388,0,0.0
608,60,56,0.005506313812479973,0.1110023166783136,2,0.03571428571428571
609,60,56,0.008794818226679157,0.13706485717335615,2,0.03571428571428571
610,60,56,0.005430732840735315,0.11737861340222355,2,0.03571428571428571
611,60,56,0.004825065382074681,0.11047315596588642,1,0.017857142857142856
612,60,56,0.006118371792988872,0.0739135460602385,1,0.017857142857142856
613,60,56,0.002677009975183235,0.0300166722094648,0,0.0
614,60,56,0.002211762719965358,0.04691883806961403,0,0.0
615,60,56,0.010729280646843642,0.2494797087049089,3,0.05357142857142857
616,60,56,0.0059922802729238805,0.16105205361377498,1,0.017857142857142856
617,60,56,0.00409845287462691,0.03953648985510353,0,0.0
618,60,56,0.003141158201086324,0.08362044425394623,1,0.017857142857142856
619,60,56,0.00531282431837331,0.11006459278957936,1,0.017857142857142856
620,60,56,0.002429473514357569,0.03114428325556181,0,0.0
621,60,56,0.00525144284850241,0.07735507861238353,1,0.017857142857142856
622,60,56,0.00378152022098232,0.028961277732799114,0,0.0
623,60,56,0.004055602917637034,0.06187771868849729,1,0.017857142857142856
624,60,56,0.017460506461250448,0.24154006135505446,5,0.08928571428571429
625,60,56,0.008239264621865283,0.06031952138013508,2,0.03571428571428571
626,60,56,0.00832323619221636,0.14551965397798627,2,0.03571428571428571
627,60,56,0.004329794686608436,0.03827635613212643,0,0.0
628,60,56,0.007763392174634875,0.08385985660615392,3,0.05357142857142857
629,60,56,0.0067141384757408535,0.11681594243426296,1,0.017857142857142856
630,60,56,0.007073496493378446,0.15271354638157908,2,0.03571428571428571
631,60,56,0.006592117796041532,0.09364511347911472,2,0.03571428571428571
632,60,56,0.0036416717675887074,0.061599591909716866,1,0.017857142857142856
633,60,56,0.001575272588955902,0.013283344216954873,0,0.0
634,60,56,0.0048550895102049485,0.0748020383748057,2,0.03571428571428571
635,60,56,0.00829482299715001,0.13809137598834553,4,0.07142857142857142
636,60,56,0.007599769639119909,0.17935067509984004,2,0.03571428571428571
637,60,56,0.0044558344523347405,0.04819117620310069,0,0.0
638,60,56,0.0012917382351328274,0.012655461696661385,0,0.0
639,60,56,0.004357060927209703,0.04216214899608263,0,0.0
640,60,56,0.005374279716118418,0.060651664401814395,1,0.017857142857142856
641,60,56,0.005439052927054584,0.16252287251552958,1,0.017857142857142856
642,60,56,0.004065010366492234,0.027050859846062703,0,0.0
643,50,46,0.011323643827511175,0.23107612124012084,3,0.06521739130434782
644,60,56,0.004027538832726161,0.04810443991768887,0,0.0
645,60,56,0.003268706567471551,0.035703052616210436,0,0.0
646,60,56,0.003690116468027242,0.04532705642314323,0,0.0
647,60,56,0.0015831664363308137,0.018996557563748517,0,0.0
648,60,56,0.006292582127776831,0.11633694746596313,2,0.03571428571428571
649,60,56,0.0018953339702542868,0.015693496231377467,0,0.0
650,60,56,0.007315840586564632,0.1930741104542723,2,0.03571428571428571
651,60,56,0.008503887675588304,0.14488619388177665,3,0.05357142857142857
652,60,56,0.006965952726361266,0.092192230277885,2,0.03571428571428571
653,60,56,0.005780222488946849,0.10267524562330846,2,0.03571428571428571
654,60,56,0.00402524147561895,0.1314545972570592,1,0.017857142857142856
655,60,56,0.0018849128412986727,0.03153648114319818,0,0.0
656,60,56,0.00613765761084763,0.08571162686603942,2,0.03571428571428571
657,60,56,0.00511082103492549,0.084665095513038,1,0.017857142857142856
658,58,54,0.007582105262756643,0.15726745290987257,2,0.037037037037037035
659,60,56,0.0074027919328935,0.1409946587883842,3,0.05357142857142857
660,60,56,0.009092782191578292,0.14240182033885798,3,0.05357142857142857
661,60,56,0.002498529436645933,0.06359878594487643,1,0.017857142857142856
662,60,56,0.004587083827243664,0.06260979753201387,1,0.017857142857142856
663,60,56,0.0029462428845299935,0.0230004797268688,0,0.0
664,60,56,0.003292176645136934,0.04169573416057005,0,0.0
665,60,56,0.003967853722463503,0.07375081214637245,1,0.017857142857142856
666,60,56,0.0034981784659266035,0.039547866399473476,0,0.0
667,60,56,0.0036260505456640045,0.06772211098713261,2,0.03571428571428571
668,60,56,0.0038639095227791177,0.08344677409965598,1,0.017857142857142856
669,56,52,0.003332557400675974,0.025745353150953915,0,0.0
670,60,56,0.0033660359012640867,0.07325323924802667,1,0.017857142857142856
671,58,54,0.004176609341840882,0.11986624699101422,1,0.018518518518518517
672,60,56,0.00605583923064273,0.1559257577352843,2,0.03571428571428571
673,60,56,0.0023996867429431,0.02151665174850592,0,0.0
674,60,56,0.010981422880637717,0.3719115147647739,3,0.05357142857142857
675,60,56,0.006720332990875409,0.11741083500718963,2,0.03571428571428571
676,60,56,0.00843337000383084,0.1581203086293231,2,0.03571428571428571
677,60,56,0.0025004437472205296,0.04774163496006118,0,0.0
678,60,56,0.00357574069247623,0.0834985643006105,1,0.017857142857142856
679,60,56,0.004667768653813415,0.04595109551026135,0,0.0
680,60,56,0.004064111839783343,0.04416962885999016,0,0.0
681,60,56,0.0015352922189293746,0.021704782885289875,0,0.0
682,58,54,0.022221733658277,0.6333197308267722,4,0.07407407407407407
683,60,56,0.0034642661113980988,0.04632491670927157,0,0.0
684,60,56,0.00670272575992164,0.11624702422538691,2,0.03571428571428571
685,60,56,0.0034259350677939065,0.042195823047101934,0,0.0
686,60,56,0.007644684402290626,0.10208852296349098,3,0.05357142857142857
687,60,56,0.0036998537448298774,0.03139160408317336,0,0.0
688,60,56,0.007745438643772734,0.10860382832905674,3,0.05357142857142857
689,60,56,0.0053772956326293584,0.1367974528454278,1,0.017857142857142856
690,60,56,0.009132133910491119,0.1261987391526222,4,0.07142857142857142
691,60,56,0.0034856425965260015,0.07910623244075969,1,0.017857142857142856
692,60,56,0.010997472309441517,0.3161895352589017,4,0.07142857142857142
693,60,56,0.002938086370574518,0.03284902355371884,0,0.0
694,60,56,0.0020667160563286463,0.026397142522026837,0,0.0
695,60,56,0.003013958294274349,0.07890834566258619,1,0.017857142857142856
696,60,56,0.006373561092915705,0.22158655118626458,2,0.03571428571428571
697,60,56,0.004252009753834419,0.07631506259614503,1,0.017857142857142856
698,60,56,0.0034956954859197615,0.04247216033649612,0,0.0
699,60,56,0.0043261449175414956,0.03805222365145333,0,0.0
700,60,56,0.002951675260201137,0.03478979223117423,0,0.0
701,60,56,0.006952830120836974,0.19728668319560294,1,0.017857142857142856
702,60,56,0.0025826004933576833,0.036813710863434504,0,0.0
703,60,56,0.005537782962451722,0.09964760458622024,2,0.03571428571428571
704,60,56,0.002795325414264016,0.039187215339076355,0,0.0
705,60,56,0.0035937276237055014,0.07579094784537288,1,0.017857142857142856
706,60,56,0.0036483708137090664,0.055990553540705944,1,0.017857142857142856
707,60,56,0.004634275347248048,0.07426041784572744,1,0.017857142857142856
708,60,56,0.00356367639558204,0.04233231755334427,0,0.0
709,60,56,0.004377997706235379,0.039517868168566825,0,0.0
710,60,56,0.005701483661426232,0.1321321283249723,1,0.017857142857142856
711,60,56,0.0008015736605019193,0.008512821567008855,0,0.0
712,60,56,0.005800707431036021,0.20637694397341155,1,0.017857142857142856
713,60,56,0.002793195248274522,0.03868544208436429,0,0.0
714,60,56,0.007502176267256684,0.32390806810749323,1,0.017857142857142856
715,60,56,0.003623835427177899,0.07040571050729127,1,0.017857142857142856
716,60,56,0.002160638289953929,0.02049275606424944,0,0.0
717,60,56,0.003230154436150018,0.04771423553972569,0,0.0
718,60,56,0.00827337254602985,0.09674931777070217,4,0.07142857142857142
719,60,56,0.013829594256918534,0.19499674770198538,4,0.07142857142857142
720,60,56,0.0037667897159132627,0.03777157926082397,0,0.0
721,60,56,0.005664199985769629,0.17473682610545158,1,0.017857142857142856
722,60,56,0.0033990537510733567,0.020737558389186915,0,0.0
723,60,56,0.0015312627844762735,0.01824701157306996,0,0.0
724,60,56,0.01691475799595433,0.2102731480345883,7,0.125
725,60,56,0.002089980693801794,0.028358879590318384,0,0.0
726,60,56,0.006143471277997163,0.0796069833218653,2,0.03571428571428571
727,60,56,0.001287967878865252,0.012976437768999377,0,0.0
728,60,56,0.003027967010466173,0.03403409430239601,0,0.0
729,60,56,0.0032852901015014225,0.029195100354804153,0,0.0
730,60,56,0.004069715454553194,0.08154862446162234,1,0.017857142857142856
731,60,56,0.005755898631160587,0.11297214658303309,2,0.03571428571428571
732,60,56,0.004331481137299762,0.0660496925535789,1,0.017857142857142856
733,58,54,0.006195956379413599,0.0826429328569296,2,0.037037037037037035
734,60,56,0.0064580975923594465,0.09192447086953644,2,0.03571428571428571
735,60,56,0.004065086139001197,0.0973851093621328,1,0.017857142857142856
736,60,56,0.006370415872589598,0.2026820923532571,1,0.017857142857142856
737,60,56,0.007666434793805415,0.046897911574143886,0,0.0
738,60,56,0.005271335315412876,0.07100251213893631,1,0.017857142857142856
739,60,56,0.0038949344644599545,0.02903093409705715,0,0.0
740,60,56,0.0029504814139985507,0.04189273287084506,0,0.0
741,60,56,0.003395682034602406,0.05030699955191496,1,0.017857142857142856
742,60,56,0.0036387405998200826,0.03199666779969411,0,0.0
743,60,56,0.0051364412728502696,0.03456631655249229,0,0.0
744,60,56,0.0016273884741962897,0.012470428905252113,0,0.0
745,60,56,0.003055214308061529,0.03978216858114606,0,0.0
746,60,56,0.00413340667283283,0.11915371333938425,1,0.017857142857142856
747,60,56,0.0027037591574769807,0.060000204877669945,1,0.017857142857142856
748,60,56,0.003909915057193453,0.09142368429324157,1,0.017857142857142856
749,60,56,0.0034518380875527754,0.07515197323629412,1,0.017857142857142856
750,60,56,0.005578039663812153,0.08837474050667712,2,0.03571428571428571
751,60,56,0.0035670591332956554,0.05648062401926115,1,0.017857142857142856
752,60,56,0.007598298107709329,0.16452790612882495,3,0.05357142857142857
753,60,56,0.012421373471040493,0.13642019175621473,6,0.10714285714285714
754,60,56,0.0038837050532656387,0.0487784654391763,0,0.0
755,60,56,0.008282032998990486,0.3132010537663574,1,0.017857142857142856
756,60,56,0.0024131956141150656,0.024883060023030486,0,0.0
757,60,56,0.0007089674221552199,0.003721232568319799,0,0.0
758,60,56,0.004433419989088879,0.059759636507890825,1,0.017857142857142856
759,60,56,0.003926674661408838,0.08870186540979841,1,0.017857142857142856
760,60,56,0.0073361143262683495,0.10107178088306763,2,0.03571428571428571
761,60,56,0.0058314738587316225,0.07814402659276418,2,0.03571428571428571
762,60,56,0.00427342778981,0.07643615241165784,1,0.017857142857142856
763,60,56,0.003931996398348016,0.050660555639679646,1,0.017857142857142856
764,60,56,0.0059546379132358,0.06315512489871733,2,0.03571428571428571
765,60,56,0.0033043488775270605,0.056378288282363895,1,0.017857142857142856
766,60,56,0.007180089227845741,0.19659409596096666,1,0.017857142857142856
767,60,56,0.00763525117616877,0.09761024075545555,3,0.05357142857142857
768,60,56,0.006418778529434622,0.1515099313317988,2,0.03571428571428571
769,58,54,0.003153360630400751,0.028354242678583105,0,0.0
770,60,56,0.010023557912403211,0.27586132998899865,3,0.05357142857142857
771,60,56,0.002414836871610445,0.017866475650714128,0,0.0
772,60,56,0.005034981294529484,0.0376776069178306,0,0.0
773,60,56,0.0037761769924116806,0.08083543748163913,1,0.017857142857142856
774,60,56,0.005884792162787922,0.07127260131317414,1,0.017857142857142856
775,60,56,0.007991679524290893,0.09355326699110879,3,0.05357142857142857
776,60,56,0.0025563236231014265,0.03813305310359265,0,0.0
777,60,56,0.0030145084182373644,0.04605393294723882,0,0.0
778,60,56,0.002629795344669001,0.04933215907223529,0,0.0
779,60,56,0.007512553490789769,0.14333492944754117,2,0.03571428571428571
780,60,56,0.004731862746006686,0.05048061030702941,1,0.017857142857142856
781,60,56,0.009788179798317044,0.17165952065996692,2,0.03571428571428571
782,60,56,0.007430446588862806,0.09710501523586854,4,0.07142857142857142
783,60,56,0.0038410294691427977,0.04834889484527346,0,0.0
784,60,56,0.001797195192011366,0.033856856968661045,0,0.0
785,60,56,0.0015935997764700005,0.016585786251187777,0,0.0
786,60,56,0.004114195093229881,0.046132338688540206,0,0.0
787,60,56,0.0032331055951143007,0.060353843112138046,1,0.017857142857142856
788,60,56,0.0025538326362953656,0.020195184786715347,0,0.0
789,60,56,0.005109847658884799,0.10527012625621146,2,0.03571428571428571
790,60,56,0.0026048638316457083,0.021434549900098316,0,0.0
791,60,56,0.0033750862336648932,0.02656064197813172,0,0.0
792,60,56,0.00643891649225787,0.1235985867326361,1,0.017857142857142856
793,60,56,0.005963163679608676,0.11275196404200472,1,0.017857142857142856
794,60,56,0.0028940383603151356,0.04891427328716441,0,0.0
795,60,56,0.003682510124572525,0.05038343763784696,1,0.017857142857142856
796,60,56,0.007369635390388435,0.08723031759998955,2,0.03571428571428571
797,60,56,0.005798074895067527,0.1415000624795045,2,0.03571428571428571
798,60,56,0.003201732652497875,0.033428708119892486,0,0.0
799,60,56,0.003233380760286386,0.04228031701220192,0,0.0
800,60,56,0.006987813358286596,0.11753877336890363,3,0.05357142857142857
801,60,56,0.0019211268257007317,0.03678671665149852,0,0.0
802,60,56,0.0050406554806849534,0.11175181839084414,2,0.03571428571428571
803,60,56,0.004978567884828032,0.04671796736742382,0,0.0
804,60,56,0.00403278842500814,0.07189899851562212,1,0.017857142857142856
805,60,56,0.018277498371649287,0.34451645240851947,5,0.08928571428571429
806,60,56,0.00915116601965318,0.16186320835513654,3,0.05357142857142857
807,60,56,0.004658587247114916,0.07585723381309797,1,0.017857142857142856
808,60,56,0.004261555245779645,0.07910029383453487,1,0.017857142857142856
809,60,56,0.004376283800506404,0.14787954694202068,1,0.017857142857142856
810,60,56,0.005883783894371321,0.18326961219951263,1,0.017857142857142856
811,60,56,0.003951760226602265,0.07278703172081846,1,0.017857142857142856
812,60,56,0.002370597531021428,0.014241366297246958,0,0.0
813,60,56,0.006163009794543343,0.07671874089068452,2,0.03571428571428571
814,60,56,0.004482213589427115,0.06862855375850252,1,0.017857142857142856
815,60,56,0.004278492087863101,0.05552951409457007,1,0.017857142857142856
816,60,56,0.002165822735483915,0.06842899221328312,1,0.017857142857142856
817,60,56,0.010059269460530143,0.1609209110587737,3,0.05357142857142857
818,60,56,0.004878200419644556,0.0346293086358046,0,0.0
819,60,56,0.00447321744565213,0.04660954817811112,0,0.0
820,60,56,0.001297414609229256,0.012280583049462172,0,0.0
821,60,56,0.0015003006133430315,0.018704670508459333,0,0.0
822,60,56,0.010376146916609938,0.16916598614116515,3,0.05357142857142857
823,60,56,0.010627017676903864,0.23972064717234676,3,0.05357142857142857
824,60,56,0.005593078468387511,0.1403032877176877,2,0.03571428571428571
825,60,56,0.00924880942284744,0.3350973427681695,2,0.03571428571428571
826,60,56,0.017751399721425812,0.25067267353196215,6,0.10714285714285714
827,60,56,0.006288865662443563,0.16126107232943385,1,0.017857142857142856
828,60,56,0.0033258317048271385,0.11435476356092673,1,0.017857142857142856
829,60,56,0.010653601768419525,0.2543371868918758,2,0.03571428571428571
830,60,56,0.0029786997520006514,0.0460487109191837,0,0.0
831,60,56,0.0026893803467046393,0.05657896683897232,1,0.017857142857142856
832,60,56,0.00956535603570799,0.22360916265098707,1,0.017857142857142856
833,58,54,0.0014503135479624271,0.018238459312233293,0,0.0
834,58,54,0.0032945952271772345,0.050112859250630096,1,0.018518518518518517
835,60,56,0.002137400284388957,0.04675902663468353,0,0.0
836,60,56,0.0036072349005069368,0.041489573475523685,0,0.0
837,60,56,0.003977078356442479,0.0833317575768247,1,0.017857142857142856
838,60,56,0.002820403526495101,0.03185484626442213,0,0.0
839,60,56,0.0021810177911538867,0.026805988094988912,0,0.0
840,60,56,0.006483236423793353,0.08282720165724533,3,0.05357142857142857
841,60,56,0.00436865158461479,0.043607814606308755,0,0.0
842,60,56,0.0033358732637151804,0.03735903536312435,0,0.0
843,60,56,0.008776368703048926,0.1949994219034996,2,0.03571428571428571
844,60,56,0.004447567750069793,0.06562756913971066,1,0.017857142857142856
845,60,56,0.00524765968297014,0.10887570022985782,1,0.017857142857142856
846,60,56,0.002552426388127197,0.033514308201260765,0,0.0
847,60,56,0.003961203084725533,0.0469898770969068,0,0.0
848,58,54,0.009046376113887452,0.1073535603920368,3,0.05555555555555555
849,60,56,0.004493803085543725,0.09944304805113391,1,0.017857142857142856
850,60,56,0.007773959772749881,0.17873871263330426,3,0.05357142857142857
851,60,56,0.00792103594225205,0.06925532364205603,2,0.03571428571428571
852,60,56,0.011456368371652561,0.24930615661037092,3,0.05357142857142857
853,60,56,0.004998453887837454,0.06852411329616914,1,0.017857142857142856
854,60,56,0.0053030276274962694,0.08243539681096225,2,0.03571428571428571
855,60,56,0.003991659930032537,0.042825727846915754,0,0.0
856,60,56,0.003169588802270761,0.017239817600613785,0,0.0
857,60,56,0.0035541050644233357,0.044413196001259106,0,0.0
858,58,54,0.007101431713100424,0.07913373741442792,3,0.05555555555555555
859,60,56,0.0052607150343741875,0.06116071385138166,1,0.017857142857142856
860,60,56,0.01262193826413136,0.38209246009867304,3,0.05357142857142857
861,60,56,0.005324837838835402,0.10382457722767136,1,0.017857142857142856
862,60,56,0.0046579182742539065,0.03501478271976054,0,0.0
863,60,56,0.0028236852901763437,0.027540855100592284,0,0.0
864,60,56,0.009641503791664213,0.15648038432460584,3,0.05357142857142857
865,60,56,0.00569920616220427,0.06771549106711565,3,0.05357142857142857
866,60,56,0.0030087140779810864,0.01672247274009059,0,0.0
867,60,56,0.003452327646338927,0.05578268293446792,1,0.017857142857142856
868,44,40,0.010564996890058175,0.15686867736710658,2,0.05
869,60,56,0.007199088516143876,0.1741729600013762,3,0.05357142857142857
870,60,56,0.0036446961443623986,0.060181772196166904,1,0.017857142857142856
871,60,56,0.003688008188370517,0.062095723418862395,1,0.017857142857142856
872,60,56,0.002706825120658196,0.05961056833770389,1,0.017857142857142856
873,60,56,0.009348885231467836,0.1618337383542719,2,0.03571428571428571
874,60,56,0.0038716311717575244,0.07956254377036842,1,0.017857142857142856
875,60,56,0.005554607478846825,0.09070661706821129,2,0.03571428571428571
876,60,56,0.007381923297637862,0.26422185066190806,2,0.03571428571428571
877,60,56,0.005404822065872959,0.11524103219252968,2,0.03571428571428571
878,60,56,0.004663844211184909,0.10068552244162915,2,0.03571428571428571
879,60,56,0.007417196413477511,0.10661181247931883,2,0.03571428571428571
880,58,54,0.002514800008163338,0.03954455244458355,0,0.0
881,60,56,0.00778846088879985,0.14305697081236807,2,0.03571428571428571
882,60,56,0.00377144896711576,0.04982236897536296,0,0.0
883,60,56,0.005147674907982039,0.06839164477905708,2,0.03571428571428571
884,60,56,0.0022308488741273986,0.032526560613078376,0,0.0
885,60,56,0.007853933135439162,0.17441323396439687,2,0.03571428571428571
886,60,56,0.004487439470219077,0.05220254854053907,2,0.03571428571428571
887,60,56,0.0037777821999747372,0.04604307890383619,0,0.0
888,60,56,0.004100029468762753,0.1019019561389643,1,0.017857142857142856
889,60,56,0.005727089313391366,0.12810991861784699,1,0.017857142857142856
890,60,56,0.005760032673875066,0.051497764904280915,1,0.017857142857142856
891,60,56,0.004103666590920201,0.058661381353781905,2,0.03571428571428571
892,60,56,0.0016651982294133114,0.022081735528147628,0,0.0
893,60,56,0.0062322388732221025,0.060238455187105355,3,0.05357142857142857
894,60,56,0.0071772925552756875,0.09003329653513106,2,0.03571428571428571
895,60,56,0.004832101352573761,0.05181146444968615,1,0.017857142857142856
896,60,56,0.0031839589765925466,0.04868408961921045,0,0.0
897,60,56,0.004674862101513589,0.04825166822755739,0,0.0
898,60,56,0.0039500476861306765,0.0849116332107076,1,0.017857142857142856
899,60,56,0.008305546963383278,0.1476280247767066,2,0.03571428571428571
900,60,56,0.0063906055241008996,0.06242279080273694,3,0.05357142857142857
901,60,56,0.0027084098860012365,0.03871407746823868,0,0.0
902,60,56,0.0028825109864809334,0.03726123403283314,0,0.0
903,60,56,0.005497189562793805,0.05238474303486574,1,0.017857142857142856
904,60,56,0.0032991017134209534,0.025177531964202443,0,0.0
905,60,56,0.003388305312355725,0.0405661071821165,0,0.0
906,58,54,0.003846169029526804,0.029063367824355424,0,0.0
907,60,56,0.011965253902710204,0.0913329720003202,7,0.125
908,60,56,0.004375437061043651,0.048889174074425834,0,0.0
909,60,56,0.0024846019073240687,0.050611607625349886,1,0.017857142857142856
910,60,56,0.006616271399090658,0.11569370593188566,2,0.03571428571428571
911,60,56,0.004017692747356137,0.06722415023478115,1,0.017857142857142856
912,60,56,0.003355944590091115,0.02647603938373673,0,0.0
913,60,56,0.007380281381774677,0.09516799048595947,4,0.07142857142857142
914,60,56,0.005714891389392407,0.09277545806603471,1,0.017857142857142856
915,60,56,0.003305850888650948,0.05806917619607965,1,0.017857142857142856
916,60,56,0.004646363785042391,0.03601053070137271,0,0.0
917,60,56,0.006350536624703251,0.11205097690363486,2,0.03571428571428571
918,60,56,0.004635953849589822,0.10418041139828577,1,0.017857142857142856
919,60,56,0.003794691993870377,0.09001986503977774,2,0.03571428571428571
920,60,56,0.009345142721705894,0.21503117143885542,3,0.05357142857142857
921,60,56,0.00466723491059525,0.04358771437457799,0,0.0
922,58,54,0.008169523684015228,0.11284820826667648,1,0.018518518518518517
923,60,56,0.009211849003193464,0.4181069056512481,1,0.017857142857142856
924,60,56,0.004313845947088337,0.04015513720400834,0,0.0
925,60,56,0.0031041702160633853,0.05956810973119575,1,0.017857142857142856
926,60,56,0.002895249368533338,0.04665741718623836,0,0.0
927,60,56,0.005290012636407705,0.11130809991621403,1,0.017857142857142856
928,60,56,0.005149112080467505,0.09460095359400338,2,0.03571428571428571
929,60,56,0.0038402075753007745,0.049448901255608316,0,0.0
930,60,56,0.004298418062906974,0.08546509721064709,1,0.017857142857142856
931,60,56,0.0027072587299327012,0.041590086456792436,0,0.0
932,60,56,0.007530256871555086,0.23899985826464695,2,0.03571428571428571
933,60,56,0.0047242622479375185,0.06645552331777674,1,0.017857142857142856
934,60,56,0.007211538217574355,0.13539091647785906,2,0.03571428571428571
935,60,56,0.011937246506963465,0.3246439632000418,2,0.03571428571428571
936,60,56,0.0070756744643414105,0.06815643707388527,3,0.05357142857142857
937,60,56,0.003070035763186545,0.0205253052069249,0,0.0
938,60,56,0.0014279634538058039,0.014273910239666177,0,0.0
939,60,56,0.0056699226341113225,0.03178337886638437,0,0.0
940,60,56,0.002185318339632958,0.041938382427615196,0,0.0
941,60,56,0.003891148260701654,0.08284087702654891,1,0.017857142857142856
942,60,56,0.009754250829911508,0.19908306032699485,2,0.03571428571428571
943,60,56,0.002292719519466905,0.027319183554923715,0,0.0
944,60,56,0.0024111645266839394,0.027167414378455726,0,0.0
945,60,56,0.003257257452116653,0.026350886096917235,0,0.0
946,60,56,0.0029896187828706406,0.03717479989340557,0,0.0
947,60,56,0.0032576434061957105,0.04727688134805241,0,0.0
948,60,56,0.01329226191313916,0.41095951081808957,3,0.05357142857142857
949,60,56,0.003718085137075475,0.03557469771153568,0,0.0
950,60,56,0.0010163005696068792,0.011220161780766142,0,0.0
951,60,56,0.004243131196307925,0.039264295184041925,0,0.0
952,60,56,0.00647240449337773,0.13259378726611898,1,0.017857142857142856
953,60,56,0.0014919918300664462,0.019880201058448677,0,0.0
954,60,56,0.001052944771858603,0.01114344842215099,0,0.0
955,60,56,0.002764019631255082,0.03919159258056027,0,0.0
956,60,56,0.0016413838841703517,0.010944481144411149,0,0.0
957,60,56,0.0030857764983415075,0.047258640724143694,0,0.0
958,60,56,0.0022825995649499646,0.05365164939702674,1,0.017857142857142856
959,60,56,0.0027166489624719354,0.0481194185261193,0,0.0
960,60,56,0.0022639387732999736,0.025570252083487663,0,0.0
961,60,56,0.012582834143215581,0.15024578918155596,4,0.07142857142857142
962,60,56,0.0040724520456465125,0.04500621637003377,0,0.0
963,60,56,0.009645264356075859,0.1744505961221564,3,0.05357142857142857
964,60,56,0.005046817999064597,0.04078899365339235,0,0.0
965,60,56,0.007636314355164224,0.09983343357504133,2,0.03571428571428571
966,60,56,0.0025405434580430667,0.032512227946440556,0,0.0
967,60,56,0.008447760613132991,0.08432261113110101,4,0.07142857142857142
968,60,56,0.004624602253859674,0.07418111148538312,1,0.017857142857142856
969,60,56,0.003704626806071958,0.049822816776907995,0,0.0
970,60,56,0.002874873734684345,0.0160692090086223,0,0.0
971,60,56,0.005357047995049692,0.17125693257611838,1,0.017857142857142856
972,60,56,0.010179766601815497,0.27127776052885316,3,0.05357142857142857
973,60,56,0.002194471796877062,0.04433917617374489,0,0.0
974,60,56,0.005732656046814993,0.05786128325105323,2,0.03571428571428571
975,60,56,0.0021758135505511567,0.026710397478081897,0,0.0
976,60,56,0.007664527897117403,0.14304773667152804,3,0.05357142857142857
977,60,56,0.00400140321269772,0.049183496200599724,0,0.0
978,60,56,0.003701520064447554,0.07696818938054674,1,0.017857142857142856
979,60,56,0.007968921201721766,0.21530830950979257,2,0.03571428571428571
980,60,56,0.001843114537778795,0.027362021015507665,0,0.0
981,60,56,0.002853814837975197,0.03524848865745528,0,0.0
982,60,56,0.005186897820697783,0.05309163201922466,1,0.017857142857142856
983,60,56,0.012010122848389083,0.5634534502307157,1,0.017857142857142856
984,60,56,0.007119457859222127,0.12187857004170044,2,0.03571428571428571
985,60,56,0.00378087615103694,0.04478999519306417,0,0.0
986,60,56,0.004757919348683532,0.05617857787349867,1,0.017857142857142856
987,60,56,0.004722859492138876,0.06793080087160235,1,0.017857142857142856
988,60,56,0.003230734236329668,0.021707299884084097,0,0.0
989,60,56,0.0018190578066588521,0.013737717529635596,0,0.0
990,60,56,0.0021571691534300647,0.03283787804556482,0,0.0
991,60,56,0.0019317987335501353,0.024359466233630486,0,0.0
992,60,56,0.003997769708377894,0.026716526414804598,0,0.0
993,60,56,0.0021686500131914096,0.02683133155654414,0,0.0
994,60,56,0.004154634925451176,0.07368476565863305,1,0.017857142857142856
995,60,56,0.002720902745409863,0.06380073251612783,1,0.017857142857142856
996,60,56,0.00203549118940605,0.035461005287110034,0,0.0
997,60,56,0.0056990711849286,0.13798292890766145,2,0.03571428571428571
998,60,56,0.0028704454744493063,0.04600698534367886,0,0.0
999,58,54,0.007297747524173815,0.14733814932745765,2,0.037037037037037035
